{"cameraMode":{"drawMode":0,"name":"Shaded","section":"Shading Mode"},"sceneLighting":true,"audioPlay":false,"sceneViewState":{"showFog":true,"showMaterialUpdate":false,"showSkybox":true,"showFlares":true,"showImageEffects":true,"showParticleSystems":true},"in2DMode":false,"pivot":{"x":-0.4608725905418396,"y":0.33818694949150088,"z":2.687669515609741},"rotation":{"x":-0.12396679073572159,"y":-0.5745144486427307,"z":0.09951495379209519,"w":-0.8029291033744812},"size":0.5068615674972534,"orthographic":false}