{"cameraMode":{"drawMode":0,"name":"Shaded","section":"Shading Mode"},"sceneLighting":true,"audioPlay":false,"sceneViewState":{"showFog":true,"showMaterialUpdate":false,"showSkybox":true,"showFlares":true,"showImageEffects":true,"showParticleSystems":true},"in2DMode":false,"pivot":{"x":-4.3905134201049809,"y":0.8230514526367188,"z":1.99392569065094},"rotation":{"x":-0.08010169863700867,"y":-0.6958438754081726,"z":0.07827341556549072,"w":-0.7096903324127197},"size":0.6173737645149231,"orthographic":false}