{"cameraMode":{"drawMode":0,"name":"Shaded","section":"Shading Mode"},"sceneLighting":true,"audioPlay":false,"sceneViewState":{"showFog":true,"showMaterialUpdate":false,"showSkybox":true,"showFlares":true,"showImageEffects":true,"showParticleSystems":true},"in2DMode":false,"pivot":{"x":-0.31800001859664919,"y":0.39899998903274538,"z":2.4749999046325685},"rotation":{"x":0.003526710206642747,"y":0.5994434356689453,"z":-0.002313045086339116,"w":0.8007075190544128},"size":0.49389851093292239,"orthographic":false}