{"cameraMode":{"drawMode":0,"name":"Shaded","section":"Shading Mode"},"sceneLighting":true,"audioPlay":false,"sceneViewState":{"showFog":true,"showMaterialUpdate":false,"showSkybox":true,"showFlares":true,"showImageEffects":true,"showParticleSystems":true},"in2DMode":false,"pivot":{"x":1.5934083461761475,"y":3.229566812515259,"z":-0.10521649569272995},"rotation":{"x":-0.029131511226296426,"y":0.6680421233177185,"z":0.014081931672990322,"w":0.7438627481460571},"size":0.8027181029319763,"orthographic":false}